id	name	time
1925171680	Kamyker - First!	226
1928034200	Kamyker - Heroes Tonight	208
1928033028	Kamyker - Dragon War	107
1977025026	Tokyo Drifter	188.5
1928034169	Kamyker - Freaks	168
1928034115	Kamyker - Darkest Hour	164
1928034275	Kamyker - Night Owl	194
1928034328	Kamyker - Shine	259
1928034376	Kamyker - Who We Are	329
1979784642	Billie Eilish (2019) 02. Bad Guy	193.5
1950173519	Toss A Coin To Your Witcher	72.5
1979215367	Red Western	157.5
1984966561	RIP Mamba [*]	230.353
2051432677	pheonix /// val	173.116
2045804588	jett /// val	134.269